{"cameraMode":{"drawMode":0,"name":"Shaded","section":"Shading Mode"},"sceneLighting":true,"audioPlay":false,"sceneViewState":{"m_AlwaysRefresh":false,"showFog":true,"showSkybox":true,"showFlares":true,"showImageEffects":true,"showParticleSystems":true,"showVisualEffectGraphs":true,"m_FxEnabled":true},"in2DMode":false,"pivot":{"x":58.31482696533203,"y":-25.685989379882814,"z":-2.8853607177734377},"rotation":{"x":0.6586634516716003,"y":-0.040569987148046496,"z":0.035605479031801227,"w":0.7505152821540833},"size":168.8868408203125,"orthographic":false}